{
    "2026-01-01": {
        "day": "Thu",
        "verses": "Nm 6:22-27/Gal 4:4-7/Lk 2:16-21"
    },
    "2026-01-02": {
        "day": "Fri",
        "verses": "1 Jn 2:22-28/Jn 1:19-28"
    },
    "2026-01-03": {
        "day": "Sat",
        "verses": "1 Jn 2:29—3:6/Jn 1:29-34"
    },
    "2026-01-04": {
        "day": "SUN",
        "verses": "Is 60:1-6/Eph 3:2-3a, 5-6/Mt 2:1-12"
    },
    "2026-01-05": {
        "day": "Mon",
        "verses": "1 Jn 3:22—4:6/Mt 4:12-17, 23-25"
    },
    "2026-01-06": {
        "day": "Tue",
        "verses": "1 Jn 4:7-10/Mk 6:34-44"
    },
    "2026-01-07": {
        "day": "Wed",
        "verses": "1 Jn 4:11-18/Mk 6:45-52"
    },
    "2026-01-08": {
        "day": "Thu",
        "verses": "1 Jn 4:19—5:4/Lk 4:14-22a"
    },
    "2026-01-09": {
        "day": "Fri",
        "verses": "1 Jn 5:5-13/Lk 5:12-16"
    },
    "2026-01-10": {
        "day": "Sat",
        "verses": "1 Jn 5:14-21/Jn 3:22-30"
    },
    "2026-01-11": {
        "day": "SUN",
        "verses": "Is 42:1-4, 6-7/Acts 10:34-38/Mt 3:13-17"
    },
    "2026-01-12": {
        "day": "Mon",
        "verses": "1 Sm 1:1-8/Mk 1:14-20"
    },
    "2026-01-13": {
        "day": "Tue",
        "verses": "1 Sm 1:9-20/Mk 1:21-28"
    },
    "2026-01-14": {
        "day": "Wed",
        "verses": "1 Sm 3:1-10, 19-20/Mk 1:29-39"
    },
    "2026-01-15": {
        "day": "Thu",
        "verses": "1 Sm 4:1-11/Mk 1:40-45"
    },
    "2026-01-16": {
        "day": "Fri",
        "verses": "1 Sm 8:4-7, 10-22a/Mk 2:1-12"
    },
    "2026-01-17": {
        "day": "Sat",
        "verses": "1 Sm 9:1-4, 17-19; 10:1a/Mk 2:13-17"
    },
    "2026-01-18": {
        "day": "SUN",
        "verses": "Is 49:3, 5-6/1 Cor 1:1-3/Jn 1:29-34"
    },
    "2026-01-19": {
        "day": "Mon",
        "verses": "1 Sm 15:16-23/Mk 2:18-22"
    },
    "2026-01-20": {
        "day": "Tue",
        "verses": "1 Sm 16:1-13/Mk 2:23-28"
    },
    "2026-01-21": {
        "day": "Wed",
        "verses": "1 Sm 17:32-33, 37, 40-51/Mk 3:1-6"
    },
    "2026-01-22": {
        "day": "Thu",
        "verses": "1 Sm 18:6-9; 19:1-7/Mk 3:7-12"
    },
    "2026-01-23": {
        "day": "Fri",
        "verses": "1 Sm 24:3-21/Mk 3:13-19"
    },
    "2026-01-24": {
        "day": "Sat",
        "verses": "2 Sm 1:1-4, 11-12, 19, 23-27/Mk 3:20-21"
    },
    "2026-01-25": {
        "day": "SUN",
        "verses": "Is 8:23—9:3/1 Cor 1:10-13, 17/Mt 4:12-23"
    },
    "2026-01-26": {
        "day": "Mon",
        "verses": "2 Tm 1:1-8 or Ti 1:1-5/Mk 3:22-30"
    },
    "2026-01-27": {
        "day": "Tue",
        "verses": "2 Sm 6:12b-15, 17-19/Mk 3:31-35"
    },
    "2026-01-28": {
        "day": "Wed",
        "verses": "2 Sm 7:4-17/Mk 4:1-20"
    },
    "2026-01-29": {
        "day": "Thu",
        "verses": "2 Sm 7:18-19, 24-29/Mk 4:21-25"
    },
    "2026-01-30": {
        "day": "Fri",
        "verses": "2 Sm 11:1-4a, 5-10a, 13-17/Mk 4:26-34"
    },
    "2026-01-31": {
        "day": "Sat",
        "verses": "2 Sm 12:1-7a, 10-17/Mk 4:35-41"
    },
    "2026-02-01": {
        "day": "SUN",
        "verses": "Zep 2:3; 3:12-13/1 Cor 1:26-31/Mt 5:1-12a"
    },
    "2026-02-02": {
        "day": "Mon",
        "verses": "Mal 3:1-4/Heb 2:14-18/Lk 2:22-40"
    },
    "2026-02-03": {
        "day": "Tue",
        "verses": "2 Sm 18:9-10, 14b, 24-25a, 30—19:3/Mk 5:21-43"
    },
    "2026-02-04": {
        "day": "Wed",
        "verses": "2 Sm 24:2, 9-17/Mk 6:1-6"
    },
    "2026-02-05": {
        "day": "Thu",
        "verses": "1 Kgs 2:1-4, 10-12/Mk 6:7-13"
    },
    "2026-02-06": {
        "day": "Fri",
        "verses": "Sir 47:2-11/Mk 6:14-29"
    },
    "2026-02-07": {
        "day": "Sat",
        "verses": "1 Kgs 3:4-13/Mk 6:30-34"
    },
    "2026-02-08": {
        "day": "SUN",
        "verses": "Is 58:7-10/1 Cor 2:1-5/Mt 5:13-16"
    },
    "2026-02-09": {
        "day": "Mon",
        "verses": "1 Kgs 8:1-7, 9-13/Mk 6:53-56"
    },
    "2026-02-10": {
        "day": "Tue",
        "verses": "1 Kgs 8:22-23, 27-30/Mk 7:1-13"
    },
    "2026-02-11": {
        "day": "Wed",
        "verses": "1 Kgs 10:1-10/Mk 7:14-23"
    },
    "2026-02-12": {
        "day": "Thu",
        "verses": "1 Kgs 11:4-13/Mk 7:24-30"
    },
    "2026-02-13": {
        "day": "Fri",
        "verses": "1 Kgs 11:29-32; 12:19/Mk 7:31-37"
    },
    "2026-02-14": {
        "day": "Sat",
        "verses": "1 Kgs 12:26-32; 13:33-34/Mk 8:1-10"
    },
    "2026-02-15": {
        "day": "SUN",
        "verses": "Sir 15:15-20/1 Cor 2:6-10/Mt 5:17-37"
    },
    "2026-02-16": {
        "day": "Mon",
        "verses": "Jas 1:1-11/Mk 8:11-13"
    },
    "2026-02-17": {
        "day": "Tue",
        "verses": "Jas 1:12-18/Mk 8:14-21"
    },
    "2026-02-18": {
        "day": "Wed",
        "verses": "Jl 2:12-18/2 Cor 5:20—6:2/Mt 6:1-6, 16-18"
    },
    "2026-02-19": {
        "day": "Thu",
        "verses": "Dt 30:15-20/Lk 9:22-25"
    },
    "2026-02-20": {
        "day": "Fri",
        "verses": "Is 58:1-9a/Mt 9:14-15"
    },
    "2026-02-21": {
        "day": "Sat",
        "verses": "Is 58:9b-14/Lk 5:27-32"
    },
    "2026-02-22": {
        "day": "SUN",
        "verses": "Gn 2:7-9; 3:1-7/Rom 5:12-19/Mt 4:1-11"
    },
    "2026-02-23": {
        "day": "Mon",
        "verses": "Lv 19:1-2, 11-18/Mt 25:31-46"
    },
    "2026-02-24": {
        "day": "Tue",
        "verses": "Is 55:10-11/Mt 6:7-15"
    },
    "2026-02-25": {
        "day": "Wed",
        "verses": "Jon 3:1-10/Lk 11:29-32"
    },
    "2026-02-26": {
        "day": "Thu",
        "verses": "Est C:12, 14-16, 23-25/Mt 7:7-12"
    },
    "2026-02-27": {
        "day": "Fri",
        "verses": "Ez 18:21-28/Mt 5:20-26"
    },
    "2026-02-28": {
        "day": "Sat",
        "verses": "Dt 26:16-19/Mt 5:43-48"
    },
    "2026-03-01": {
        "day": "SUN",
        "verses": "Gn 12:1-4a/2 Tm 1:8b-10/Mt 17:1-9"
    },
    "2026-03-02": {
        "day": "Mon",
        "verses": "Dn 9:4b-10/Lk 6:36-38"
    },
    "2026-03-03": {
        "day": "Tue",
        "verses": "Is 1:10, 16-20/Mt 23:1-12"
    },
    "2026-03-04": {
        "day": "Wed",
        "verses": "Jer 18:18-20/Mt 20:17-28"
    },
    "2026-03-05": {
        "day": "Thu",
        "verses": "Jer 17:5-10/Lk 16:19-31"
    },
    "2026-03-06": {
        "day": "Fri",
        "verses": "Gn 37:3-4, 12-13a, 17b-28a/Mt 21:33-43, 45-46"
    },
    "2026-03-07": {
        "day": "Sat",
        "verses": "Mi 7:14-15, 18-20/Lk 15:1-3, 11-32"
    },
    "2026-03-08": {
        "day": "SUN",
        "verses": "Ex 17:3-7/Rom 5:1-2, 5-8/Jn 4:5-42"
    },
    "2026-03-09": {
        "day": "Mon",
        "verses": "2 Kgs 5:1-15ab/Lk 4:24-30"
    },
    "2026-03-10": {
        "day": "Tue",
        "verses": "Dn 3:25, 34-43/Mt 18:21-35"
    },
    "2026-03-11": {
        "day": "Wed",
        "verses": "Dt 4:1, 5-9/Mt 5:17-19"
    },
    "2026-03-12": {
        "day": "Thu",
        "verses": "Jer 7:23-28/Lk 11:14-23"
    },
    "2026-03-13": {
        "day": "Fri",
        "verses": "Hos 14:2-10/Mk 12:28-34"
    },
    "2026-03-14": {
        "day": "Sat",
        "verses": "Hos 6:1-6/Lk 18:9-14"
    },
    "2026-03-15": {
        "day": "SUN",
        "verses": "1 Sm 16:1b, 6-7, 10-13a/Eph 5:8-14/Jn 9:1-41"
    },
    "2026-03-16": {
        "day": "Mon",
        "verses": "Is 65:17-21/Jn 4:43-54"
    },
    "2026-03-17": {
        "day": "Tue",
        "verses": "Ez 47:1-9, 12/Jn 5:1-16"
    },
    "2026-03-18": {
        "day": "Wed",
        "verses": "Is 49:8-15/Jn 5:17-30"
    },
    "2026-03-19": {
        "day": "Thu",
        "verses": "2 Sm 7:4-5a, 12-14a, 16/Rom 4:13, 16-18, 22/Mt 1:16, 18-21"
    },
    "2026-03-20": {
        "day": "Fri",
        "verses": "Wis 2:1a, 12-22/Jn 7:1-2, 10, 25-30"
    },
    "2026-03-21": {
        "day": "Sat",
        "verses": "Jer 11:18-20/Jn 7:40-53"
    },
    "2026-03-22": {
        "day": "SUN",
        "verses": "Ez 37:12-14/Rom 8:8-11/Jn 11:1-45"
    },
    "2026-03-23": {
        "day": "Mon",
        "verses": "Dn 13:1-9, 15-17, 19-30, 33-62/Jn 8-1:11"
    },
    "2026-03-24": {
        "day": "Tue",
        "verses": "Nm 21:4-9/Jn 8:21-30"
    },
    "2026-03-25": {
        "day": "Wed",
        "verses": "Is 7:10-14; 8:10/Heb 10:4-10/Lk 1:26-38"
    },
    "2026-03-26": {
        "day": "Thu",
        "verses": "Gn 17:3-9/Jn 8:51-59"
    },
    "2026-03-27": {
        "day": "Fri",
        "verses": "Jer 20:10-13/Jn 10:31-42"
    },
    "2026-03-28": {
        "day": "Sat",
        "verses": "Ez 37:21-28/Jn 11:45-56"
    },
    "2026-03-29": {
        "day": "SUN",
        "verses": "Mt 21:1-11/Is 50:4-7/Phil 2:6-11/Mt 26:14—27:66"
    },
    "2026-03-30": {
        "day": "Mon",
        "verses": "Is 42:1-7/Jn 12:1-11"
    },
    "2026-03-31": {
        "day": "Tue",
        "verses": "Is 49:1-6/Jn 13:21-33, 36-38"
    },
    "2026-04-01": {
        "day": "Wed",
        "verses": "Is 50:4-9a/Mt 26:14-25"
    },
    "2026-04-02": {
        "day": "Thu",
        "verses": "Ex 12:1-8, 11-14/1 Cor 11:23-26/Jn 13:1-15"
    },
    "2026-04-03": {
        "day": "Fri",
        "verses": "Is 52:13—53:12/Heb 4:14-16; 5:7-9/Jn 18:1—19:42"
    },
    "2026-04-04": {
        "day": "Sat",
        "verses": "Gn 1:1—2:2/Gn 22:1-18/Ex 14:15—15:1/Is 54:5-14/Is 55:1-11/Bar 3:9-15, 32—4:4/Ez 36:16-17a, 18-28/Rom 6:3-11/Mt 28:1-10"
    },
    "2026-04-05": {
        "day": "SUN",
        "verses": "Acts 10:34a, 37-43/Col 3:1-4/Jn 20:1-9"
    },
    "2026-04-06": {
        "day": "Mon",
        "verses": "Acts 2:14, 22-33/Mt 28:8-15"
    },
    "2026-04-07": {
        "day": "Tue",
        "verses": "Acts 2:36-41/Jn 20:11-18"
    },
    "2026-04-08": {
        "day": "Wed",
        "verses": "Acts 3:1-10/Lk 24:13-35"
    },
    "2026-04-09": {
        "day": "Thu",
        "verses": "Acts 3:11-26/Lk 24:35-48"
    },
    "2026-04-10": {
        "day": "Fri",
        "verses": "Acts 4:1-12/Jn 21:1-14"
    },
    "2026-04-11": {
        "day": "Sat",
        "verses": "Acts 4:13-21/Mk 16:9-15"
    },
    "2026-04-12": {
        "day": "SUN",
        "verses": "Acts 2:42-47/1 Pt 1:3-9/Jn 20:19-31"
    },
    "2026-04-13": {
        "day": "Mon",
        "verses": "Acts 4:23-31/Jn 3:1-8"
    },
    "2026-04-14": {
        "day": "Tue",
        "verses": "Acts 4:32-37/Jn 3:7b-15"
    },
    "2026-04-15": {
        "day": "Wed",
        "verses": "Acts 5:17-26/Jn 3:16-21"
    },
    "2026-04-16": {
        "day": "Thu",
        "verses": "Acts 5:27-33/Jn 3:31-36"
    },
    "2026-04-17": {
        "day": "Fri",
        "verses": "Acts 5:34-42/Jn 6:1-15"
    },
    "2026-04-18": {
        "day": "Sat",
        "verses": "Acts 6:1-7/Jn 6:16-21"
    },
    "2026-04-19": {
        "day": "SUN",
        "verses": "Acts 6:8-15/1 Pt 2:4-9/Jn 14:1-12"
    },
    "2026-04-20": {
        "day": "Mon",
        "verses": "Acts 7:51—8:1a/Jn 6:30-35"
    },
    "2026-04-21": {
        "day": "Tue",
        "verses": "Acts 8:1b-8/Jn 6:35-40"
    },
    "2026-04-22": {
        "day": "Wed",
        "verses": "Acts 8:26-40/Jn 6:44-51"
    },
    "2026-04-23": {
        "day": "Thu",
        "verses": "Acts 9:1-20/Jn 6:52-59"
    },
    "2026-04-24": {
        "day": "Fri",
        "verses": "Acts 9:31-42/Jn 6:60-69"
    },
    "2026-04-25": {
        "day": "Sat",
        "verses": "1 Pt 5:5b-14/Mk 16:15-20"
    },
    "2026-04-26": {
        "day": "SUN",
        "verses": "Acts 9:26-31/1 Jn 3:18-24/Jn 15:1-8"
    },
    "2026-04-27": {
        "day": "Mon",
        "verses": "Acts 11:1-18/Jn 10:1-10"
    },
    "2026-04-28": {
        "day": "Tue",
        "verses": "Acts 11:19-26/Jn 10:22-30"
    },
    "2026-04-29": {
        "day": "Wed",
        "verses": "Acts 12:24—13:5a/Jn 12:44-50"
    },
    "2026-04-30": {
        "day": "Thu",
        "verses": "Acts 13:13-25/Jn 13:16-20"
    },
    "2026-05-01": {
        "day": "Fri",
        "verses": "Acts 13:26-33/Jn 14:1-6"
    },
    "2026-05-02": {
        "day": "Sat",
        "verses": "Acts 13:44-52/Jn 14:7-14"
    },
    "2026-05-03": {
        "day": "SUN",
        "verses": "Acts 10:25-26, 34-35, 44-48/1 Jn 4:7-10/Jn 15:9-17"
    },
    "2026-05-04": {
        "day": "Mon",
        "verses": "Acts 14:5-18/Jn 14:21-26"
    },
    "2026-05-05": {
        "day": "Tue",
        "verses": "Acts 14:19-28/Jn 14:27-31a"
    },
    "2026-05-06": {
        "day": "Wed",
        "verses": "Acts 15:1-6/Jn 15:1-8"
    },
    "2026-05-07": {
        "day": "Thu",
        "verses": "Acts 15:7-21/Jn 15:9-11"
    },
    "2026-05-08": {
        "day": "Fri",
        "verses": "Acts 15:22-31/Jn 15:12-17"
    },
    "2026-05-09": {
        "day": "Sat",
        "verses": "Acts 16:1-10/Jn 15:18-21"
    },
    "2026-05-10": {
        "day": "SUN",
        "verses": "Acts 1:15-17, 20a, 20c-26/1 Jn 4:11-16/Jn 17:11b-19"
    },
    "2026-05-11": {
        "day": "Mon",
        "verses": "Acts 16:11-15/Jn 15:26—16:4a"
    },
    "2026-05-12": {
        "day": "Tue",
        "verses": "Acts 16:22-34/Jn 16:5-11"
    },
    "2026-05-13": {
        "day": "Wed",
        "verses": "Acts 17:15, 22—18:1/Jn 16:12-15"
    },
    "2026-05-14": {
        "day": "Thu",
        "verses": "Acts 1:1-11/Eph 1:17-23/Mt 28:16-20"
    },
    "2026-05-15": {
        "day": "Fri",
        "verses": "Acts 18:9-18/Jn 16:20-23"
    },
    "2026-05-16": {
        "day": "Sat",
        "verses": "Acts 18:23-28/Jn 16:23b-28"
    },
    "2026-05-17": {
        "day": "SUN",
        "verses": "Acts 1:1-11/Eph 1:17-23/Mt 28:16-20"
    },
    "2026-05-18": {
        "day": "Mon",
        "verses": "Acts 19:1-8/Jn 16:29-33"
    },
    "2026-05-19": {
        "day": "Tue",
        "verses": "Acts 20:17-27/Jn 17:1-11a"
    },
    "2026-05-20": {
        "day": "Wed",
        "verses": "Acts 20:28-38/Jn 17:11b-19"
    },
    "2026-05-21": {
        "day": "Thu",
        "verses": "Acts 22:30; 23:6-11/Jn 17:20-26"
    },
    "2026-05-22": {
        "day": "Fri",
        "verses": "Acts 25:13b-21/Jn 21:15-19"
    },
    "2026-05-23": {
        "day": "Sat",
        "verses": "Acts 28:16-20, 30-31/Jn 21:20-25"
    },
    "2026-05-24": {
        "day": "SUN",
        "verses": "Acts 2:1-11/1 Cor 12:3b-7, 12-13/Jn 20:19-23"
    },
    "2026-05-25": {
        "day": "Mon",
        "verses": "Jas 3:13-18/Mk 9:14-29"
    },
    "2026-05-26": {
        "day": "Tue",
        "verses": "Jas 4:1-10/Mk 9:30-37"
    },
    "2026-05-27": {
        "day": "Wed",
        "verses": "Jas 4:13-17/Mk 9:38-41"
    },
    "2026-05-28": {
        "day": "Thu",
        "verses": "Jas 5:1-6/Mk 9:41-50"
    },
    "2026-05-29": {
        "day": "Fri",
        "verses": "Jas 5:9-12/Mk 10:1-12"
    },
    "2026-05-30": {
        "day": "Sat",
        "verses": "Jas 5:13-20/Mk 10:13-16"
    },
    "2026-05-31": {
        "day": "SUN",
        "verses": "Dt 4:32-34, 39-40/Rom 8:14-17/Mt 28:16-20"
    },
    "2026-06-01": {
        "day": "Mon",
        "verses": "2 Pt 1:2-7/Mk 12:1-12"
    },
    "2026-06-02": {
        "day": "Tue",
        "verses": "2 Pt 3:12-15a, 17-18/Mk 12:13-17"
    },
    "2026-06-03": {
        "day": "Wed",
        "verses": "2 Tm 1:1-3, 6-12/Mk 12:18-27"
    },
    "2026-06-04": {
        "day": "Thu",
        "verses": "2 Tm 2:8-15/Mk 12:28-34"
    },
    "2026-06-05": {
        "day": "Fri",
        "verses": "2 Tm 3:10-17/Mk 12:35-37"
    },
    "2026-06-06": {
        "day": "Sat",
        "verses": "2 Tm 4:1-8/Mk 12:38-44"
    },
    "2026-06-07": {
        "day": "SUN",
        "verses": "Dt 8:2-3, 14b-16a/1 Cor 10:16-17/Jn 6:51-58"
    },
    "2026-06-08": {
        "day": "Mon",
        "verses": "1 Kgs 17:1-6/Mt 5:1-12"
    },
    "2026-06-09": {
        "day": "Tue",
        "verses": "1 Kgs 17:7-16/Mt 5:13-16"
    },
    "2026-06-10": {
        "day": "Wed",
        "verses": "1 Kgs 18:20-39/Mt 5:17-19"
    },
    "2026-06-11": {
        "day": "Thu",
        "verses": "Acts 11:21b-26; 13:1-3/Mt 10:7-13"
    },
    "2026-06-12": {
        "day": "Fri",
        "verses": "Hos 11:1, 3-4, 8c-9/Eph 3:8-12/Jn 19:31-37"
    },
    "2026-06-13": {
        "day": "Sat",
        "verses": "1 Kgs 19:19-21/Mt 5:33-37"
    },
    "2026-06-14": {
        "day": "SUN",
        "verses": "Ex 19:2-6a/Rom 5:6-11/Mt 9:36—10:8"
    },
    "2026-06-15": {
        "day": "Mon",
        "verses": "1 Kgs 21:1-16/Mt 5:38-42"
    },
    "2026-06-16": {
        "day": "Tue",
        "verses": "1 Kgs 21:17-29/Mt 5:43-48"
    },
    "2026-06-17": {
        "day": "Wed",
        "verses": "2 Kgs 2:1, 6-14/Mt 6:1-6, 16-18"
    },
    "2026-06-18": {
        "day": "Thu",
        "verses": "Sir 48:1-14/Mt 6:7-15"
    },
    "2026-06-19": {
        "day": "Fri",
        "verses": "2 Kgs 11:1-4, 9-18, 20/Mt 6:19-23"
    },
    "2026-06-20": {
        "day": "Sat",
        "verses": "2 Chr 24:17-25/Mt 6:24-34"
    },
    "2026-06-21": {
        "day": "SUN",
        "verses": "Jer 20:10-13/Rom 5:12-15/Mt 10:26-33"
    },
    "2026-06-22": {
        "day": "Mon",
        "verses": "2 Kgs 17:5-8, 13-15a, 18/Mt 7:1-5"
    },
    "2026-06-23": {
        "day": "Tue",
        "verses": "2 Kgs 19:9b-11, 14-21, 31-35a, 36/Mt 7:6, 12-14"
    },
    "2026-06-24": {
        "day": "Wed",
        "verses": "Is 49:1-6/Acts 13:22-26/Lk 1:57-66, 80"
    },
    "2026-06-25": {
        "day": "Thu",
        "verses": "2 Kgs 24:8-17/Mt 7:21-29"
    },
    "2026-06-26": {
        "day": "Fri",
        "verses": "2 Kgs 25:1-12/Mt 8:1-4"
    },
    "2026-06-27": {
        "day": "Sat",
        "verses": "Lam 2:2, 10-14, 18-19/Mt 8:5-17"
    },
    "2026-06-28": {
        "day": "SUN",
        "verses": "2 Kgs 4:8-11, 14-16a/Rom 6:3-4, 8-11/Mt 10:37-42"
    },
    "2026-06-29": {
        "day": "Mon",
        "verses": "Acts 12:1-11/2 Tm 4:6-8, 17-18/Mt 16:13-19"
    },
    "2026-06-30": {
        "day": "Tue",
        "verses": "Am 3:1-8; 4:11-12/Mt 8:23-27"
    },
    "2026-07-01": {
        "day": "Wed",
        "verses": "Am 5:14-15, 21-24/Mt 8:28-34"
    },
    "2026-07-02": {
        "day": "Thu",
        "verses": "Am 7:10-17/Mt 9:1-8"
    },
    "2026-07-03": {
        "day": "Fri",
        "verses": "Eph 2:19-22/Jn 20:24-29"
    },
    "2026-07-04": {
        "day": "Sat",
        "verses": "Am 9:11-15/Mt 9:14-17"
    },
    "2026-07-05": {
        "day": "SUN",
        "verses": "Zec 9:9-10/Rom 8:9, 11-13/Mt 11:25-30"
    },
    "2026-07-06": {
        "day": "Mon",
        "verses": "Hos 2:16, 17b-18, 21-22/Mt 9:18-26"
    },
    "2026-07-07": {
        "day": "Tue",
        "verses": "Hos 8:4-7, 11-13/Mt 9:32-38"
    },
    "2026-07-08": {
        "day": "Wed",
        "verses": "Hos 10:1-3, 7-8, 12/Mt 10:1-7"
    },
    "2026-07-09": {
        "day": "Thu",
        "verses": "Hos 11:1-4, 8e-9/Mt 10:7-15"
    },
    "2026-07-10": {
        "day": "Fri",
        "verses": "Hos 14:2-10/Mt 10:16-23"
    },
    "2026-07-11": {
        "day": "Sat",
        "verses": "Is 6:1-8/Mt 10:24-33"
    },
    "2026-07-12": {
        "day": "SUN",
        "verses": "Is 55:10-11/Rom 8:18-23/Mt 13:1-23 or 13:1-9"
    },
    "2026-07-13": {
        "day": "Mon",
        "verses": "Is 1:10-17/Mt 10:34—11:1"
    },
    "2026-07-14": {
        "day": "Tue",
        "verses": "Is 7:1-9/Mt 11:20-24"
    },
    "2026-07-15": {
        "day": "Wed",
        "verses": "Is 10:5-7, 13b-16/Mt 11:25-27"
    },
    "2026-07-16": {
        "day": "Thu",
        "verses": "Is 26:7-9, 12, 16-19/Mt 11:28-30"
    },
    "2026-07-17": {
        "day": "Fri",
        "verses": "Is 38:1-6, 21-22, 7-8/Mt 12:1-8"
    },
    "2026-07-18": {
        "day": "Sat",
        "verses": "Mi 2:1-5/Mt 12:14-21"
    },
    "2026-07-19": {
        "day": "SUN",
        "verses": "Wis 12:13, 16-19/Rom 8:26-27/Mt 13:24-43 or 13:24-30"
    },
    "2026-07-20": {
        "day": "Mon",
        "verses": "Mi 6:1-4, 6-8/Mt 12:38-42"
    },
    "2026-07-21": {
        "day": "Tue",
        "verses": "Mi 7:14-15, 18-20/Mt 12:46-50"
    },
    "2026-07-22": {
        "day": "Wed",
        "verses": "Sg 3:1-4b or 2 Cor 5:14-17/Jn 20:1-2, 11-18"
    },
    "2026-07-23": {
        "day": "Thu",
        "verses": "Jer 2:1-3, 7-8, 12-13/Mt 13:10-17"
    },
    "2026-07-24": {
        "day": "Fri",
        "verses": "Jer 3:14-17/Mt 13:18-23"
    },
    "2026-07-25": {
        "day": "Sat",
        "verses": "2 Cor 4:7-15/Mt 20:20-28"
    },
    "2026-07-26": {
        "day": "SUN",
        "verses": "1 Kgs 3:5, 7-12/Rom 8:28-30/Mt 13:44-52 or 13:44-46"
    },
    "2026-07-27": {
        "day": "Mon",
        "verses": "Jer 13:1-11/Mt 13:31-35"
    },
    "2026-07-28": {
        "day": "Tue",
        "verses": "Jer 14:17-22/Mt 13:36-43"
    },
    "2026-07-29": {
        "day": "Wed",
        "verses": "1 Jn 4:7-16/Jn 11:19-27 or Lk 10:38-42"
    },
    "2026-07-30": {
        "day": "Thu",
        "verses": "Jer 18:1-6/Mt 13:47-53"
    },
    "2026-07-31": {
        "day": "Fri",
        "verses": "Jer 26:1-9/Mt 13:54-58"
    },
    "2026-08-01": {
        "day": "Sat",
        "verses": "Jer 26:11-16, 24/Mt 14:1-12"
    },
    "2026-08-02": {
        "day": "SUN",
        "verses": "Is 55:1-3/Rom 8:35, 37-39/Mt 14:13-21"
    },
    "2026-08-03": {
        "day": "Mon",
        "verses": "Jer 28:1-17/Mt 14:22-36"
    },
    "2026-08-04": {
        "day": "Tue",
        "verses": "Jer 30:1-2, 12-15, 18-22/Mt 14:22-36 or 15:1-2, 10-14"
    },
    "2026-08-05": {
        "day": "Wed",
        "verses": "Jer 31:1-7/Mt 15:21-28"
    },
    "2026-08-06": {
        "day": "Thu",
        "verses": "Dn 7:9-10, 13-14/2 Pt 1:16-19/Mt 17:1-9"
    },
    "2026-08-07": {
        "day": "Fri",
        "verses": "Na 2:1, 3; 3:1-3, 6-7/Mt 16:24-28"
    },
    "2026-08-08": {
        "day": "Sat",
        "verses": "Hb 1:12—2:4/Mt 17:14-20"
    },
    "2026-08-09": {
        "day": "SUN",
        "verses": "1 Kgs 19:9a, 11-13a/Rom 9:1-5/Mt 14:22-33"
    },
    "2026-08-10": {
        "day": "Mon",
        "verses": "2 Cor 9:6-10/Jn 12:24-26"
    },
    "2026-08-11": {
        "day": "Tue",
        "verses": "Ez 2:8—3:4/Mt 18:1-5, 10, 12-14"
    },
    "2026-08-12": {
        "day": "Wed",
        "verses": "Ez 9:1-7; 10:18-22/Mt 18:15-20"
    },
    "2026-08-13": {
        "day": "Thu",
        "verses": "Ez 12:1-12/Mt 18:21—19:1"
    },
    "2026-08-14": {
        "day": "Fri",
        "verses": "Ez 16:1-15, 60, 63 or 16:59-63/Mt 19:3-12"
    },
    "2026-08-15": {
        "day": "Sat",
        "verses": "Rv 11:19a; 12:1-6a, 10ab/1 Cor 15:20-27/Lk 1:39-56"
    },
    "2026-08-16": {
        "day": "SUN",
        "verses": "Is 56:1, 6-7/Rom 11:13-15, 29-32/Mt 15:21-28"
    },
    "2026-08-17": {
        "day": "Mon",
        "verses": "Ez 24:15-24/Mt 19:16-22"
    },
    "2026-08-18": {
        "day": "Tue",
        "verses": "Ez 28:1-10/Mt 19:23-30"
    },
    "2026-08-19": {
        "day": "Wed",
        "verses": "Ez 34:1-11/Mt 20:1-16"
    },
    "2026-08-20": {
        "day": "Thu",
        "verses": "Ez 36:23-28/Mt 22:1-14"
    },
    "2026-08-21": {
        "day": "Fri",
        "verses": "Ez 37:1-14/Mt 22:34-40"
    },
    "2026-08-22": {
        "day": "Sat",
        "verses": "Ez 43:1-7ab/Mt 23:1-12"
    },
    "2026-08-23": {
        "day": "SUN",
        "verses": "Is 22:19-23/Rom 11:33-36/Mt 16:13-20"
    },
    "2026-08-24": {
        "day": "Mon",
        "verses": "Rv 21:9b-14/Jn 1:45-51"
    },
    "2026-08-25": {
        "day": "Tue",
        "verses": "2 Thes 2:1-3a, 14-17/Mt 23:23-26"
    },
    "2026-08-26": {
        "day": "Wed",
        "verses": "2 Thes 3:6-10, 16-18/Mt 23:27-32"
    },
    "2026-08-27": {
        "day": "Thu",
        "verses": "1 Cor 1:1-9/Mt 24:42-51"
    },
    "2026-08-28": {
        "day": "Fri",
        "verses": "1 Cor 1:17-25/Mt 25:1-13"
    },
    "2026-08-29": {
        "day": "Sat",
        "verses": "1 Cor 1:26-31/Mk 6:17-29"
    },
    "2026-08-30": {
        "day": "SUN",
        "verses": "Jer 20:7-9/Rom 12:1-2/Mt 16:21-27"
    },
    "2026-08-31": {
        "day": "Mon",
        "verses": "1 Cor 2:1-5/Lk 4:16-30"
    },
    "2026-09-01": {
        "day": "Tue",
        "verses": "1 Cor 2:10b-16/Lk 4:31-37"
    },
    "2026-09-02": {
        "day": "Wed",
        "verses": "1 Cor 3:1-9/Lk 4:38-44"
    },
    "2026-09-03": {
        "day": "Thu",
        "verses": "1 Cor 3:18-23/Lk 5:1-11"
    },
    "2026-09-04": {
        "day": "Fri",
        "verses": "1 Cor 4:1-5/Lk 5:33-39"
    },
    "2026-09-05": {
        "day": "Sat",
        "verses": "1 Cor 4:6b-15/Lk 6:1-5"
    },
    "2026-09-06": {
        "day": "SUN",
        "verses": "Ez 33:7-9/Rom 13:8-10/Mt 18:15-20"
    },
    "2026-09-07": {
        "day": "Mon",
        "verses": "1 Cor 5:1-8/Lk 6:6-11"
    },
    "2026-09-08": {
        "day": "Tue",
        "verses": "Mi 5:1-4a or Rom 8:28-30/Mt 1:1-16, 18-23 or 1:18-23"
    },
    "2026-09-09": {
        "day": "Wed",
        "verses": "1 Cor 7:25-31/Lk 6:20-26"
    },
    "2026-09-10": {
        "day": "Thu",
        "verses": "1 Cor 8:1b-7, 11-13/Lk 6:27-38"
    },
    "2026-09-11": {
        "day": "Fri",
        "verses": "1 Cor 9:16-19, 22b-27/Lk 6:39-42"
    },
    "2026-09-12": {
        "day": "Sat",
        "verses": "1 Cor 10:14-22/Lk 6:43-49"
    },
    "2026-09-13": {
        "day": "SUN",
        "verses": "Sir 27:30—28:7/Rom 14:7-9/Mt 18:21-35"
    },
    "2026-09-14": {
        "day": "Mon",
        "verses": "Nm 21:4b-9/Phil 2:6-11/Jn 3:13-17"
    },
    "2026-09-15": {
        "day": "Tue",
        "verses": "1 Cor 12:12-14, 27-31a/Jn 19:25-27 or Lk 2:33-35"
    },
    "2026-09-16": {
        "day": "Wed",
        "verses": "1 Cor 12:31—13:13/Lk 7:31-35"
    },
    "2026-09-17": {
        "day": "Thu",
        "verses": "1 Cor 15:1-11/Lk 7:36-50"
    },
    "2026-09-18": {
        "day": "Fri",
        "verses": "1 Cor 15:12-20/Lk 8:1-3"
    },
    "2026-09-19": {
        "day": "Sat",
        "verses": "1 Cor 15:35-37, 42-49/Lk 8:4-15"
    },
    "2026-09-20": {
        "day": "SUN",
        "verses": "Is 55:6-9/Phil 1:20c-24, 27a/Mt 20:1-16a"
    },
    "2026-09-21": {
        "day": "Mon",
        "verses": "Eph 4:1-7, 11-13/Mt 9:9-13"
    },
    "2026-09-22": {
        "day": "Tue",
        "verses": "Prv 21:1-6, 10-13/Lk 8:19-21"
    },
    "2026-09-23": {
        "day": "Wed",
        "verses": "Prv 30:5-9/Lk 9:1-6"
    },
    "2026-09-24": {
        "day": "Thu",
        "verses": "Eccl 1:2-11/Lk 9:7-9"
    },
    "2026-09-25": {
        "day": "Fri",
        "verses": "Eccl 3:1-11/Lk 9:18-22"
    },
    "2026-09-26": {
        "day": "Sat",
        "verses": "Eccl 11:9—12:8/Lk 9:43b-45"
    },
    "2026-09-27": {
        "day": "SUN",
        "verses": "Ez 18:25-28/Phil 2:1-11 or 2:1-5/Mt 21:28-32"
    },
    "2026-09-28": {
        "day": "Mon",
        "verses": "Jb 1:6-22/Lk 9:46-50"
    },
    "2026-09-29": {
        "day": "Tue",
        "verses": "Dn 7:9-10, 13-14 or Rv 12:7-12a/Jn 1:47-51"
    },
    "2026-09-30": {
        "day": "Wed",
        "verses": "Jb 9:1-12, 14-16/Lk 9:57-62"
    },
    "2026-10-01": {
        "day": "Thu",
        "verses": "Jb 19:21-27/Lk 10:1-12"
    },
    "2026-10-02": {
        "day": "Fri",
        "verses": "Jb 38:1, 12-21; 40:3-5/Mt 18:1-5, 10"
    },
    "2026-10-03": {
        "day": "Sat",
        "verses": "Jb 42:1-3, 5-6, 12-17/Lk 10:17-24"
    },
    "2026-10-04": {
        "day": "SUN",
        "verses": "Is 5:1-7/Phil 4:6-9/Mt 21:33-43"
    },
    "2026-10-05": {
        "day": "Mon",
        "verses": "Gal 1:6-12/Lk 10:25-37"
    },
    "2026-10-06": {
        "day": "Tue",
        "verses": "Gal 1:13-24/Lk 10:38-42"
    },
    "2026-10-07": {
        "day": "Wed",
        "verses": "Gal 2:1-2, 7-14/Lk 11:1-4"
    },
    "2026-10-08": {
        "day": "Thu",
        "verses": "Gal 3:1-5/Lk 11:5-13"
    },
    "2026-10-09": {
        "day": "Fri",
        "verses": "Gal 3:7-14/Lk 11:15-26"
    },
    "2026-10-10": {
        "day": "Sat",
        "verses": "Gal 3:22-29/Lk 11:27-28"
    },
    "2026-10-11": {
        "day": "SUN",
        "verses": "Is 25:6-10a/Phil 4:12-14, 19-20/Mt 22:1-14 or 22:1-10"
    },
    "2026-10-12": {
        "day": "Mon",
        "verses": "Gal 4:22-24, 26-27, 31—5:1/Lk 11:29-32"
    },
    "2026-10-13": {
        "day": "Tue",
        "verses": "Gal 5:1-6/Lk 11:37-41"
    },
    "2026-10-14": {
        "day": "Wed",
        "verses": "Gal 5:18-25/Lk 11:42-46"
    },
    "2026-10-15": {
        "day": "Thu",
        "verses": "Eph 1:1-10/Lk 11:47-54"
    },
    "2026-10-16": {
        "day": "Fri",
        "verses": "Eph 1:11-14/Lk 12:1-7"
    },
    "2026-10-17": {
        "day": "Sat",
        "verses": "Eph 1:15-23/Lk 12:8-12"
    },
    "2026-10-18": {
        "day": "SUN",
        "verses": "Is 45:1, 4-6/1 Thes 1:1-5b/Mt 22:15-21"
    },
    "2026-10-19": {
        "day": "Mon",
        "verses": "Eph 2:1-10/Lk 12:13-21"
    },
    "2026-10-20": {
        "day": "Tue",
        "verses": "Eph 2:12-22/Lk 12:35-38"
    },
    "2026-10-21": {
        "day": "Wed",
        "verses": "Eph 3:2-12/Lk 12:39-48"
    },
    "2026-10-22": {
        "day": "Thu",
        "verses": "Eph 3:14-21/Lk 12:49-53"
    },
    "2026-10-23": {
        "day": "Fri",
        "verses": "Eph 4:1-6/Lk 12:54-59"
    },
    "2026-10-24": {
        "day": "Sat",
        "verses": "Eph 4:7-16/Lk 13:1-9"
    },
    "2026-10-25": {
        "day": "SUN",
        "verses": "Ex 22:20-26/1 Thes 1:5c-10/Mt 22:34-40"
    },
    "2026-10-26": {
        "day": "Mon",
        "verses": "Eph 4:32—5:8/Lk 13:10-17"
    },
    "2026-10-27": {
        "day": "Tue",
        "verses": "Eph 5:21-33/Lk 13:18-21"
    },
    "2026-10-28": {
        "day": "Wed",
        "verses": "Eph 2:19-22/Lk 6:12-16"
    },
    "2026-10-29": {
        "day": "Thu",
        "verses": "Eph 6:10-20/Lk 13:31-35"
    },
    "2026-10-30": {
        "day": "Fri",
        "verses": "Phil 1:1-11/Lk 14:1-6"
    },
    "2026-10-31": {
        "day": "Sat",
        "verses": "Phil 1:18b-26/Lk 14:1, 7-11"
    },
    "2026-11-01": {
        "day": "SUN",
        "verses": "Rv 7:2-4, 9-14/1 Jn 3:1-3/Mt 5:1-12a"
    },
    "2026-11-02": {
        "day": "Mon",
        "verses": "Wis 3:1-9/Rom 5:5-11 or 6:3-9/Jn 6:37-40"
    },
    "2026-11-03": {
        "day": "Tue",
        "verses": "Phil 2:5-11/Lk 14:15-24"
    },
    "2026-11-04": {
        "day": "Wed",
        "verses": "Phil 2:12-18/Lk 14:25-33"
    },
    "2026-11-05": {
        "day": "Thu",
        "verses": "Phil 3:3-8a/Lk 15:1-10"
    },
    "2026-11-06": {
        "day": "Fri",
        "verses": "Phil 3:17—4:1/Lk 16:1-8"
    },
    "2026-11-07": {
        "day": "Sat",
        "verses": "Phil 4:10-19/Lk 16:9-15"
    },
    "2026-11-08": {
        "day": "SUN",
        "verses": "Wis 6:12-16/1 Thes 4:13-18 or 4:13-14/Mt 25:1-13"
    },
    "2026-11-09": {
        "day": "Mon",
        "verses": "Ez 47:1-2, 8-9, 12/1 Cor 3:9c-11, 16-17/Jn 2:13-22"
    },
    "2026-11-10": {
        "day": "Tue",
        "verses": "Ti 2:1-8, 11-14/Lk 17:7-10"
    },
    "2026-11-11": {
        "day": "Wed",
        "verses": "Ti 3:1-7/Lk 17:11-19"
    },
    "2026-11-12": {
        "day": "Thu",
        "verses": "Phlm 7-20/Lk 17:20-25"
    },
    "2026-11-13": {
        "day": "Fri",
        "verses": "2 Jn 4-9/Lk 17:26-37"
    },
    "2026-11-14": {
        "day": "Sat",
        "verses": "3 Jn 5-8/Lk 18:1-8"
    },
    "2026-11-15": {
        "day": "SUN",
        "verses": "Prv 31:10-13, 19-20, 30-31/1 Thes 5:1-6/Mt 25:14-30 or 25:14-15, 19-21"
    },
    "2026-11-16": {
        "day": "Mon",
        "verses": "Rv 1:1-4; 2:1-5/Lk 18:35-43"
    },
    "2026-11-17": {
        "day": "Tue",
        "verses": "Rv 3:1-6, 14-22/Lk 19:1-10"
    },
    "2026-11-18": {
        "day": "Wed",
        "verses": "Rv 4:1-11/Lk 19:11-28"
    },
    "2026-11-19": {
        "day": "Thu",
        "verses": "Rv 5:1-10/Lk 19:41-44"
    },
    "2026-11-20": {
        "day": "Fri",
        "verses": "Rv 10:8-11/Lk 19:45-48"
    },
    "2026-11-21": {
        "day": "Sat",
        "verses": "Rv 11:4-12/Lk 20:27-40"
    },
    "2026-11-22": {
        "day": "SUN",
        "verses": "Ez 34:11-12, 15-17/1 Cor 15:20-26, 28/Mt 25:31-46"
    },
    "2026-11-23": {
        "day": "Mon",
        "verses": "Rv 14:1-3, 4b-5/Lk 21:1-4"
    },
    "2026-11-24": {
        "day": "Tue",
        "verses": "Rv 14:14-19/Lk 21:5-11"
    },
    "2026-11-25": {
        "day": "Wed",
        "verses": "Rv 15:1-4/Lk 21:12-19"
    },
    "2026-11-26": {
        "day": "Thu",
        "verses": "Rv 18:1-2, 21-23; 19:1-3, 9a/Lk 21:20-28"
    },
    "2026-11-27": {
        "day": "Fri",
        "verses": "Rv 20:1-4, 11—21:2/Lk 21:29-33"
    },
    "2026-11-28": {
        "day": "Sat",
        "verses": "Rv 22:1-7/Lk 21:34-36"
    },
    "2026-11-29": {
        "day": "SUN",
        "verses": "Is 63:16b-17, 19b; 64:2-7/1 Cor 1:3-9/Mk 13:33-37"
    },
    "2026-11-30": {
        "day": "Mon",
        "verses": "Rom 10:9-18/Mt 4:18-22"
    },
    "2026-12-01": {
        "day": "Tue",
        "verses": "Is 11:1-10/Lk 10:21-24"
    },
    "2026-12-02": {
        "day": "Wed",
        "verses": "Is 25:6-10a/Mt 15:29-37"
    },
    "2026-12-03": {
        "day": "Thu",
        "verses": "Is 26:1-6/Mt 7:21, 24-27"
    },
    "2026-12-04": {
        "day": "Fri",
        "verses": "Is 29:17-24/Mt 9:27-31"
    },
    "2026-12-05": {
        "day": "Sat",
        "verses": "Is 30:19-21, 23-26/Mt 9:35—10:1, 5a, 6-8"
    },
    "2026-12-06": {
        "day": "SUN",
        "verses": "Is 40:1-5, 9-11/2 Pt 3:8-14/Mk 1:1-8"
    },
    "2026-12-07": {
        "day": "Mon",
        "verses": "Is 35:1-10/Lk 5:17-26"
    },
    "2026-12-08": {
        "day": "Tue",
        "verses": "Gn 3:9-15, 20/Eph 1:3-6, 11-12/Lk 1:26-38"
    },
    "2026-12-09": {
        "day": "Wed",
        "verses": "Is 40:25-31/Mt 11:28-30"
    },
    "2026-12-10": {
        "day": "Thu",
        "verses": "Is 41:13-20/Mt 11:11-15"
    },
    "2026-12-11": {
        "day": "Fri",
        "verses": "Is 48:17-19/Mt 11:16-19"
    },
    "2026-12-12": {
        "day": "Sat",
        "verses": "Zec 2:14-17 or Rv 11:19a; 12:1-6a, 10ab/Lk 1:26-38 or 1:39-47"
    },
    "2026-12-13": {
        "day": "SUN",
        "verses": "Is 61:1-2a, 10-11/1 Thes 5:16-24/Jn 1:6-8, 19-28"
    },
    "2026-12-14": {
        "day": "Mon",
        "verses": "Nm 24:2-7, 15-17a/Mt 21:23-27"
    },
    "2026-12-15": {
        "day": "Tue",
        "verses": "Zep 3:1-2, 9-13/Mt 21:28-32"
    },
    "2026-12-16": {
        "day": "Wed",
        "verses": "Is 45:6c-8, 18, 21c-25/Lk 7:18b-23"
    },
    "2026-12-17": {
        "day": "Thu",
        "verses": "Gn 49:2, 8-10/Mt 1:1-17"
    },
    "2026-12-18": {
        "day": "Fri",
        "verses": "Jer 23:5-8/Mt 1:18-25"
    },
    "2026-12-19": {
        "day": "Sat",
        "verses": "Jgs 13:2-7, 24-25a/Lk 1:5-25"
    },
    "2026-12-20": {
        "day": "SUN",
        "verses": "2 Sm 7:1-5, 8b-12, 14a, 16/Rom 16:25-27/Lk 1:26-38"
    },
    "2026-12-21": {
        "day": "Mon",
        "verses": "Sg 2:8-14 or Zep 3:14-18a/Lk 1:39-45"
    },
    "2026-12-22": {
        "day": "Tue",
        "verses": "1 Sm 1:24-28/Lk 1:46-56"
    },
    "2026-12-23": {
        "day": "Wed",
        "verses": "Mal 3:1-4, 23-24/Lk 1:57-66"
    },
    "2026-12-24": {
        "day": "Thu",
        "verses": "2 Sm 7:1-5, 8b-12, 14a, 16/Lk 1:67-79"
    },
    "2026-12-25": {
        "day": "Fri",
        "verses": "Is 9:1-6/Ti 2:11-14/Lk 2:1-14"
    },
    "2026-12-26": {
        "day": "Sat",
        "verses": "Acts 6:8-10; 7:54-59/Mt 10:17-22"
    },
    "2026-12-27": {
        "day": "SUN",
        "verses": "Gn 15:1-6; 21:1-3/Heb 11:8, 11-12, 17-19/Lk 2:22-40 or 2:22, 39-40"
    },
    "2026-12-28": {
        "day": "Mon",
        "verses": "1 Jn 1:5—2:2/Mt 2:13-18"
    },
    "2026-12-29": {
        "day": "Tue",
        "verses": "1 Jn 2:3-11/Lk 2:22-35"
    },
    "2026-12-30": {
        "day": "Wed",
        "verses": "1 Jn 2:12-17/Lk 2:36-40"
    },
    "2026-12-31": {
        "day": "Thu",
        "verses": "1 Jn 2:18-21/Jn 1:1-18"
    }
}